,date,time,Flare Flag,1-7 GHz,7-13 GHz,13-18 GHz,Mean,Sigma,Threshold,Count
0,2024-04-03,21:39:26.172000,213926.172,0.0,0.0,0.0,0.0,0.0,0.0,0.0
1,2024-04-03,21:39:27.168000,213927.168,0.0,0.0,0.0,0.0,0.0,0.0,0.0
2,2024-04-03,21:39:28.223000,213928.223,61644.5273,8338.33691,3353.71802,3353.71802,11247425.0,0.0,1.0
3,2024-04-03,21:39:29.264000,213929.264,51514.5547,8394.31641,3254.86523,3304.2915,69.9142303,0.0,2.0
4,2024-04-03,21:39:30.372000,213930.372,50275.4805,8346.36035,3348.86182,3319.14844,55.7225266,0.0,3.0
5,2024-04-03,21:39:31.427000,213931.427,49429.9141,8328.15039,3237.80688,3298.81299,61.0245857,0.0,4.0
6,2024-04-03,21:39:32.481000,213932.481,55616.8984,8325.32812,3356.45386,3310.34106,58.80476,0.0,5.0
7,2024-04-03,21:39:33.534000,213933.534,45204.4023,8362.22168,3252.45483,3300.69336,57.6610794,0.0,6.0
8,2024-04-03,21:39:34.587000,213934.587,48756.6641,8315.25488,3325.1311,3304.18433,53.4540291,0.0,7.0
9,2024-04-03,21:39:35.155000,213935.155,45593.9961,8472.72461,3261.54004,3298.854,51.7134972,0.0,8.0
10,2024-04-03,21:39:36.212000,213936.212,55841.1523,8344.12598,3342.9707,3303.75586,50.5667877,0.0,9.0
11,2024-04-03,21:39:37.265000,213937.265,50927.2031,8466.37402,3236.68262,3297.04834,52.1876984,3453.61133,10.0
12,2024-04-03,21:39:38.317000,213938.317,49760.0273,8588.33398,3318.69482,3299.01636,49.927948,3448.80029,11.0
13,2024-04-03,21:39:39.372000,213939.372,51364.918,8311.6875,3223.25391,3292.70288,52.3901443,3449.87329,12.0
14,2024-04-03,21:39:40.479000,213940.479,54803.2344,8297.26172,3360.1377,3297.89014,53.5412636,3458.51392,13.0
15,2024-04-03,21:39:41.588000,213941.588,47032.4102,8302.70215,3248.38892,3294.35425,53.1123619,3453.69141,14.0
16,2024-04-03,21:39:42.316000,213942.316,48631.9727,8344.52148,3344.97949,3297.72949,52.8177452,3456.18262,15.0
17,2024-04-03,21:39:43.588000,213943.588,49633.4141,8380.3623,3299.97363,3297.86963,51.0372429,3450.98145,16.0
18,2024-04-03,21:39:44.155000,213944.155,55739.3789,8401.25977,3306.68652,3298.38843,49.4570503,3446.75952,17.0
19,2024-04-03,21:39:45.158000,213945.158,48060.6914,8437.64258,3253.35059,3295.88623,49.1432495,3443.31592,18.0
20,2024-04-03,21:39:46.439000,213946.439,47092.5703,8308.40234,3317.11694,3297.00366,48.0,3441.00366,19.0
21,2024-04-03,21:39:47.169000,213947.169,49192.5625,8453.85547,3259.70044,3295.13867,47.444149,3437.47119,20.0
22,2024-04-03,21:39:48.223000,213948.223,56197.3633,8305.0957,3356.8335,3298.07666,48.1580734,3442.55078,21.0
23,2024-04-03,21:39:49.318000,213949.318,48500.8984,8472.24707,3248.70776,3295.83276,48.1426468,3440.26074,22.0
24,2024-04-03,21:39:50.587000,213950.587,46215.6133,8405.44238,3346.46875,3298.03442,48.204113,3442.64673,23.0
25,2024-04-03,21:39:51.155000,213951.155,47243.1758,8473.81445,3265.90063,3296.69531,47.6143913,3439.53857,24.0
26,2024-04-03,21:39:52.155000,213952.155,57514.3906,8357.99902,3360.20679,3299.2356,48.3183899,3444.19067,25.0
27,2024-04-03,21:39:53.211000,213953.211,52204.5469,8381.96875,3247.56445,3297.24829,48.4247856,3442.52271,26.0
28,2024-04-03,21:39:54.317000,213954.317,52242.7109,8135.44287,3264.83496,3296.04785,47.8844757,3439.70117,27.0
29,2024-04-03,21:39:55.372000,213955.372,50288.5742,8158.24951,3151.66943,3290.89136,54.3459435,3453.9292,28.0
30,2024-04-03,21:39:56.428000,213956.428,49740.7266,7653.29199,3034.65283,3282.05566,71.4982529,3496.55029,29.0
31,2024-04-03,21:39:57.483000,213957.483,45627.2148,7442.65527,2824.64087,3266.80859,109.125679,3594.18555,30.0
32,2024-04-03,21:39:58.534000,213958.534,48183.5273,7429.22119,2939.94971,3256.26489,122.297997,3623.15894,31.0
33,2024-04-03,21:39:59.588000,213959.588,44815.5039,7494.19482,2836.41626,3243.14453,141.362946,3667.2334,32.0
34,2024-04-03,21:40:00.156000,214000.156,45757.0312,7471.83398,2930.46582,3233.66943,149.402145,3681.87598,33.0
35,2024-04-03,21:40:01.210000,214001.21,43404.8008,7460.23486,2841.14258,3222.12451,161.792984,3707.50342,34.0
36,2024-04-03,21:40:02.293000,214002.293,45047.875,7482.24609,2926.95483,3213.69116,167.019547,3714.74976,35.0
37,2024-04-03,21:40:03.318000,214003.318,44198.5781,7461.74463,2824.13818,3202.87012,176.958435,3733.74536,36.0
38,2024-04-03,21:40:04.371000,214004.371,44285.4922,7438.5,2938.7915,3195.73291,179.799896,3735.13257,37.0
39,2024-04-03,21:40:05.480000,214005.48,44263.5977,7501.61719,2852.81299,3186.70874,185.870636,3744.3208,38.0
40,2024-04-03,21:40:06.533000,214006.533,46778.3711,7436.45801,2951.19604,3180.66992,187.248215,3742.41455,39.0
41,2024-04-03,21:40:07.588000,214007.588,44159.1172,7420.16064,2824.90332,3171.77588,193.20137,3751.37988,40.0
42,2024-04-03,21:40:08.154000,214008.154,56475.625,7462.05664,2949.1123,3166.34497,193.915451,3748.09131,41.0
43,2024-04-03,21:40:09.155000,214009.155,51307.8594,7522.1499,2823.52783,3158.18262,198.706055,3754.30078,42.0
44,2024-04-03,21:40:10.265000,214010.265,47307.8398,7444.61523,2927.22437,3152.81152,199.458313,3751.18652,43.0
45,2024-04-03,21:40:11.318000,214011.318,45100.7188,7453.24316,2874.39795,3146.48364,201.551193,3751.13721,44.0
46,2024-04-03,21:40:14.154000,214014.154,56916.3008,7469.23145,2928.62573,3141.64233,201.876648,3747.27222,45.0
47,2024-04-03,21:40:14.227000,214014.227,44777.3125,7531.979,2855.68311,3135.42603,204.023529,3747.49658,46.0
48,2024-04-03,21:40:14.516000,214014.516,46354.2305,7447.1123,2938.40967,3131.23413,203.829422,3742.72241,47.0
49,2024-04-03,21:40:15.588000,214015.588,45043.2617,7490.2998,2833.13379,3125.02368,206.188507,3743.58936,48.0
50,2024-04-03,21:40:16.156000,214016.156,52676.1328,7429.48291,2939.27026,3121.23267,205.750656,3738.48462,49.0
51,2024-04-03,21:40:17.154000,214017.154,44427.5664,7516.86621,2830.354,3115.41528,207.751816,3738.67065,50.0
52,2024-04-03,21:40:18.210000,214018.21,44518.9375,7442.11279,2931.91284,3111.81714,207.263306,3733.60693,51.0
53,2024-04-03,21:40:19.264000,214019.264,45592.4727,7522.27197,2834.06958,3106.47559,208.806885,3732.89624,52.0
54,2024-04-03,21:40:20.372000,214020.372,46209.3594,7428.01904,2921.38062,3102.98315,208.348816,3728.02954,53.0
55,2024-04-03,21:40:21.427000,214021.427,45723.0,7445.99658,2860.41187,3098.49097,208.999054,3725.48828,54.0
56,2024-04-03,21:40:22.479000,214022.479,45884.5547,7458.20654,2904.98804,3094.97266,208.691162,3721.04614,55.0
57,2024-04-03,21:40:23.534000,214023.534,43843.6641,7562.14893,2824.82251,3090.14868,209.911499,3719.8833,56.0
58,2024-04-03,21:40:24.588000,214024.588,48132.2578,7477.13672,2945.57544,3087.6123,208.907364,3714.33447,57.0
59,2024-04-03,21:40:25.155000,214025.155,44517.4414,7489.59668,2841.21045,3083.36401,209.578354,3712.09912,58.0
60,2024-04-03,21:40:26.210000,214026.21,45808.9883,7520.30957,2931.74683,3080.79419,208.699081,3706.89136,59.0
61,2024-04-03,21:40:27.265000,214027.265,43903.3516,7430.31445,2842.84863,3076.82837,209.193451,3704.40869,60.0
62,2024-04-03,21:40:28.320000,214028.32,46924.0977,7573.86035,2916.60596,3074.2019,208.45079,3699.5542,61.0
63,2024-04-03,21:40:29.371000,214029.371,44771.2227,7510.0459,2856.48828,3070.69019,208.581787,3696.43555,62.0
64,2024-04-03,21:40:30.480000,214030.48,46756.207,7528.08789,2945.57471,3068.70435,207.490692,3691.17627,63.0
65,2024-04-03,21:40:31.588000,214031.588,45958.2891,7615.16797,2840.58789,3065.14014,207.799667,3688.53906,64.0
66,2024-04-03,21:40:32.156000,214032.156,47316.5,7618.84473,2932.16333,3063.09424,206.830856,3683.58691,65.0
67,2024-04-03,21:40:33.210000,214033.21,46562.9922,8371.41797,2847.79492,3059.83203,206.939301,3680.6499,66.0
68,2024-04-03,21:40:34.266000,214034.266,45741.4102,11809.1582,2901.07349,3057.46265,206.277252,3676.29443,67.0
69,2024-04-03,21:40:35.317000,214035.317,46375.4336,11796.248,2850.45825,3054.41846,206.266022,3673.21655,68.0
70,2024-04-03,21:40:36.373000,214036.373,49948.9141,8446.16113,2927.2041,3052.57471,205.317535,3668.52734,69.0
71,2024-04-03,21:40:37.427000,214037.427,45856.543,7632.24463,2835.14551,3049.46851,205.476334,3665.89746,70.0
72,2024-04-03,21:40:38.480000,214038.48,46368.7617,7534.3667,2931.29712,3047.8042,204.484573,3661.25781,71.0
73,2024-04-03,21:40:39.588000,214039.588,45368.0117,7493.68457,2842.62793,3044.95435,204.475006,3658.37939,72.0
74,2024-04-03,21:40:40.156000,214040.156,47978.6875,7491.90576,2916.42432,3043.1936,203.607468,3654.01611,73.0
75,2024-04-03,21:40:41.156000,214041.156,45778.4062,7478.07275,2866.42676,3040.80493,203.245987,3650.54297,74.0
76,2024-04-03,21:40:42.210000,214042.21,45800.2695,7472.80078,2946.49854,3039.54761,202.161285,3646.03149,75.0
77,2024-04-03,21:40:43.264000,214043.264,47786.5078,7497.7251,2822.70483,3036.69434,202.345703,3643.73145,76.0
78,2024-04-03,21:40:44.371000,214044.371,49411.3789,7439.48877,2934.95801,3035.37305,201.342865,3639.40161,77.0
79,2024-04-03,21:40:45.428000,214045.428,44555.0,7375.01123,2851.70532,3033.01831,201.110687,3636.35034,78.0
80,2024-04-03,21:40:46.480000,214046.48,46576.2578,7439.25977,2934.62354,3031.77271,200.125092,3632.14795,79.0
81,2024-04-03,21:40:47.534000,214047.534,45612.5781,7381.3374,2840.68945,3029.38428,199.997986,3629.37817,80.0
82,2024-04-03,21:40:48.588000,214048.588,51310.3047,7414.36572,2925.84497,3028.10596,199.075867,3625.3335,81.0
83,2024-04-03,21:40:49.155000,214049.155,46239.168,7513.13672,2822.84155,3025.60278,199.138885,3623.01953,82.0
84,2024-04-03,21:40:50.210000,214050.21,46728.4297,7503.87061,2938.23706,3024.55005,198.153427,3619.01025,83.0
85,2024-04-03,21:40:51.264000,214051.264,47434.1133,7480.99902,2829.49438,3022.22803,198.101837,3616.53369,84.0
86,2024-04-03,21:40:52.318000,214052.318,49724.6562,7454.20215,2929.09302,3021.13232,197.176254,3612.66113,85.0
87,2024-04-03,21:40:53.372000,214053.372,45654.7188,7455.59717,2839.53247,3019.02075,196.990051,3609.99097,86.0
88,2024-04-03,21:40:54.480000,214054.48,46112.4336,7457.57373,2942.87817,3018.14551,196.014236,3606.18823,87.0
89,2024-04-03,21:40:55.535000,214055.535,45940.2617,7484.75635,2843.55762,3016.16162,195.767624,3603.46436,88.0
90,2024-04-03,21:40:56.589000,214056.589,49308.082,7462.69971,2913.55664,3015.00879,194.956406,3599.87793,89.0
91,2024-04-03,21:40:57.157000,214057.157,50564.7578,7440.53027,2830.50586,3012.95874,194.833038,3597.45801,90.0
92,2024-04-03,21:40:58.157000,214058.157,46535.543,7513.06055,2928.78955,3012.03369,193.949356,3593.88184,91.0
93,2024-04-03,21:40:59.267000,214059.267,46451.0586,7557.27393,2824.35107,3009.99365,193.87001,3591.60376,92.0
94,2024-04-03,21:41:00.317000,214100.317,46658.6758,7479.00879,2961.09912,3009.46777,192.883835,3588.11914,93.0
95,2024-04-03,21:41:01.373000,214101.373,47334.5273,7464.85449,2849.82227,3007.76929,192.551178,3585.42285,94.0
96,2024-04-03,21:41:04.156000,214104.156,46958.8398,7457.45459,2941.6084,3007.07275,191.64328,3582.00244,95.0
97,2024-04-03,21:41:04.232000,214104.232,46795.7852,7466.04395,2853.24707,3005.47046,191.275818,3579.29785,96.0
98,2024-04-03,21:41:04.577000,214104.577,46709.8906,7427.16357,2917.80933,3004.56665,190.487091,3576.02783,97.0
99,2024-04-03,21:41:05.156000,214105.156,45295.5508,7431.79395,2511.68042,2999.53735,195.933914,3587.33911,98.0
100,2024-04-03,21:41:06.156000,214106.156,46098.2422,7441.76562,2935.33228,2998.88892,195.035522,3583.99561,99.0
101,2024-04-03,21:41:07.210000,214107.21,46398.2422,7490.42773,2827.26367,2997.17261,194.806091,3581.59082,100.0
102,2024-04-03,21:41:08.264000,214108.264,45876.0234,7674.85986,2923.36841,2996.44189,193.969894,3578.35156,101.0
103,2024-04-03,21:41:09.373000,214109.373,45389.5859,7454.72217,2824.32935,2994.75464,193.755997,3576.02271,102.0
104,2024-04-03,21:41:10.426000,214110.426,45998.8633,7495.27197,2937.48926,2994.19873,192.885223,3572.85449,103.0
105,2024-04-03,21:41:11.480000,214111.48,45032.2383,7526.82959,2823.0022,2992.55249,192.683258,3570.60229,104.0
106,2024-04-03,21:41:12.535000,214112.535,50205.3242,7526.30029,2943.74121,2992.08789,191.807587,3567.51074,105.0
107,2024-04-03,21:41:13.589000,214113.589,50022.5938,7413.03076,2808.35962,2990.35474,191.723602,3565.52539,106.0
108,2024-04-03,21:41:14.156000,214114.156,45632.2266,7482.61475,2920.48267,2989.70142,190.940475,3562.52295,107.0
109,2024-04-03,21:41:15.589000,214115.589,48000.3984,7472.43213,2838.44458,2988.30103,190.600815,3560.10352,108.0
110,2024-04-03,21:41:16.156000,214116.156,46504.7109,7464.68799,2941.56812,2987.87207,189.771011,3557.18506,109.0
111,2024-04-03,21:41:17.211000,214117.211,47423.0547,7445.49365,2834.99048,2986.48242,189.45871,3554.8584,110.0
112,2024-04-03,21:41:18.643000,214118.643,45497.1797,7534.31689,2906.81128,2985.76465,188.745132,3552.0,111.0
113,2024-04-03,21:41:19.211000,214119.211,45918.8906,7423.92676,2823.93579,2984.31982,188.513382,3549.85986,112.0
114,2024-04-03,21:41:20.427000,214120.427,47206.8438,7491.60645,2936.94946,2983.90039,187.726242,3547.0791,113.0
115,2024-04-03,21:41:21.533000,214121.533,47579.0742,7484.58594,2847.85571,2982.70703,187.328125,3544.69141,114.0
116,2024-04-03,21:41:22.804000,214122.804,46809.9648,7435.48486,2937.55566,2982.31445,186.552841,3541.9729,115.0
117,2024-04-03,21:41:23.318000,214123.318,45919.8477,7486.78809,2837.33496,2981.0647,186.224731,3539.73877,116.0
118,2024-04-03,21:41:24.371000,214124.371,43663.1523,7433.14453,2916.88037,2980.51611,185.515503,3537.0625,117.0
119,2024-04-03,21:41:25.426000,214125.426,45036.625,7427.97412,2817.16992,2979.13159,185.335922,3535.1394,118.0
120,2024-04-03,21:41:26.157000,214126.157,46303.0156,7505.64551,2909.10498,2978.54297,184.663498,3532.53345,119.0
121,2024-04-03,21:41:27.211000,214127.211,48272.7773,7535.12256,2836.50562,2977.35938,184.34166,3530.38428,120.0
122,2024-04-03,21:41:28.318000,214128.318,45504.7773,7488.08691,2903.00659,2976.74487,183.696854,3527.83545,121.0
123,2024-04-03,21:41:29.374000,214129.374,46492.168,7477.15283,2832.49146,2975.5625,183.402557,3525.77002,122.0
124,2024-04-03,21:41:30.427000,214130.427,45761.1016,7475.17334,2924.89355,2975.15063,182.706787,3523.271,123.0
125,2024-04-03,21:41:31.480000,214131.48,46080.375,7465.78613,2850.0083,2974.14136,182.305389,3521.05762,124.0
126,2024-04-03,21:41:32.534000,214132.534,44089.5117,7403.35693,2917.87817,2973.69116,181.642685,3518.61914,125.0
127,2024-04-03,21:41:33.643000,214133.643,47534.4414,7420.39014,2811.49194,2972.40405,181.488251,3516.86865,126.0
128,2024-04-03,21:41:34.156000,214134.156,44629.1523,7425.37549,2908.16943,2971.89819,180.856522,3514.46777,127.0
129,2024-04-03,21:41:35.211000,214135.211,45340.9219,7440.82275,2841.19824,2970.87695,180.517532,3512.42969,128.0
130,2024-04-03,21:41:36.265000,214136.265,47512.3203,7434.42529,2927.86743,2970.5437,179.847153,3510.08521,129.0
131,2024-04-03,21:41:37.318000,214137.318,46802.9219,7443.25928,2844.82568,2969.57642,179.494553,3508.06006,130.0
132,2024-04-03,21:41:38.426000,214138.426,46212.7266,7451.44287,2902.10571,2969.06128,178.901947,3505.76709,131.0
133,2024-04-03,21:41:39.480000,214139.48,45790.7344,7493.54883,2813.43823,2967.88232,178.732437,3504.07959,132.0
134,2024-04-03,21:41:40.534000,214140.534,46859.1211,7516.55713,2914.30493,2967.47949,178.111298,3501.81348,133.0
135,2024-04-03,21:41:41.588000,214141.588,45615.125,7447.58447,2806.83252,2966.28076,177.979294,3500.21875,134.0
136,2024-04-03,21:41:42.155000,214142.155,45718.0117,7453.81299,2896.48608,2965.76392,177.413589,3498.00464,135.0
137,2024-04-03,21:41:43.211000,214143.211,47243.0977,7420.66797,2826.12549,2964.73706,177.162491,3496.22461,136.0
138,2024-04-03,21:41:44.264000,214144.264,47703.0508,7405.9375,2898.32593,2964.2522,176.603241,3494.06201,137.0
139,2024-04-03,21:41:45.317000,214145.317,45783.7227,7464.52979,2818.07959,2963.19312,176.395035,3492.37817,138.0
140,2024-04-03,21:41:46.373000,214146.373,45947.3086,7433.76855,2923.27295,2962.90601,175.786438,3490.26538,139.0
141,2024-04-03,21:41:47.427000,214147.427,46346.25,7492.35352,2800.62793,2961.74683,175.688416,3488.81201,140.0
142,2024-04-03,21:41:48.533000,214148.533,46328.1914,7526.77393,2912.23608,2961.39575,175.109436,3486.72412,141.0
143,2024-04-03,21:41:49.589000,214149.589,46103.332,7475.28564,2819.90259,2960.39941,174.887512,3485.06201,142.0
144,2024-04-03,21:41:50.156000,214150.156,46578.5273,7481.5293,2921.11792,2960.12476,174.301666,3483.02979,143.0
145,2024-04-03,21:41:51.156000,214151.156,46465.7148,7474.90771,2817.46729,2959.13403,174.102936,3481.44287,144.0
146,2024-04-03,21:41:52.211000,214152.211,44347.6602,7406.4248,2910.46851,2958.79858,173.538345,3479.41357,145.0
147,2024-04-03,21:41:53.318000,214153.318,46822.7266,7461.22559,2804.08911,2957.73877,173.415512,3477.98535,146.0
148,2024-04-03,21:41:54.371000,214154.371,44249.0156,7453.50098,2927.65015,2957.53418,172.838348,3476.04932,147.0
149,2024-04-03,21:41:55.426000,214155.426,46000.3633,7434.97852,2822.04541,2956.61865,172.608002,3474.44263,148.0
150,2024-04-03,21:41:56.480000,214156.48,47594.3008,7433.15723,2919.05151,2956.3667,172.049026,3472.51367,149.0
151,2024-04-03,21:41:57.534000,214157.534,46033.2383,7429.87695,2844.03613,2955.61768,171.718521,3470.77319,150.0
152,2024-04-03,21:41:58.588000,214158.588,46319.7227,7433.66211,2925.99805,2955.42163,171.157623,3468.89453,151.0
153,2024-04-03,21:41:59.156000,214159.156,45215.2188,7479.5752,2808.12915,2954.45239,171.011795,3467.48779,152.0
154,2024-04-03,21:42:00.210000,214200.21,46501.6836,7394.57178,2909.92285,2954.16162,170.48291,3465.61035,153.0
155,2024-04-03,21:42:01.268000,214201.268,48510.2344,7630.83936,2845.21851,2953.4541,170.153641,3463.91504,154.0
156,2024-04-03,21:42:02.345000,214202.345,44771.293,7538.74072,2919.0498,2953.23218,169.622345,3462.09912,155.0
157,2024-04-03,21:42:03.372000,214203.372,48671.1094,7466.50049,2794.63525,2952.21558,169.549835,3460.86499,156.0
158,2024-04-03,21:42:04.480000,214204.48,44222.2422,7438.35449,2917.31787,2951.99316,169.029816,3459.08252,157.0
159,2024-04-03,21:42:05.211000,214205.211,46474.168,7518.99316,2813.58862,2951.11719,168.848328,3457.66211,158.0
160,2024-04-03,21:42:06.156000,214206.156,45948.7812,7504.0293,2916.05908,2950.89673,168.337219,3455.90845,159.0
161,2024-04-03,21:42:07.211000,214207.211,43633.1797,7539.53809,2829.48657,2950.13818,168.07785,3454.37183,160.0
162,2024-04-03,21:42:08.264000,214208.264,46659.1562,7461.19629,2908.37695,2949.87866,167.585205,3452.63428,161.0
163,2024-04-03,21:42:09.330000,214209.33,46373.332,7461.06738,2823.42114,2949.0979,167.36348,3451.18848,162.0
164,2024-04-03,21:42:10.371000,214210.371,45650.2305,7446.00732,2929.32764,2948.97656,166.853226,3449.53613,163.0
165,2024-04-03,21:42:11.427000,214211.427,63851.043,7462.375,2817.89819,2948.17749,166.651917,3448.1333,164.0
166,2024-04-03,21:42:12.480000,214212.48,44835.3828,7426.56787,2925.61694,2948.04077,166.154785,3446.50513,165.0
167,2024-04-03,21:42:13.589000,214213.589,45825.4688,7430.46973,2830.85498,2947.33472,165.900879,3445.03735,166.0
168,2024-04-03,21:42:14.155000,214214.155,43943.7148,7521.47412,2924.04932,2947.19531,165.409744,3443.42456,167.0
169,2024-04-03,21:42:15.156000,214215.156,47060.9922,7500.47998,2861.27319,2946.68408,165.041534,3441.80859,168.0
170,2024-04-03,21:42:16.306000,214216.306,75508.3672,7442.76758,2931.24829,2946.59253,164.556549,3440.26221,169.0
171,2024-04-03,21:42:17.277000,214217.277,53437.3711,7467.82324,2817.50854,2945.83325,164.366455,3438.93262,170.0
172,2024-04-03,21:42:18.359000,214218.359,43624.1406,7488.85742,2901.53418,2945.57422,163.921356,3437.33838,171.0
173,2024-04-03,21:42:19.412000,214219.412,45945.7578,7509.00684,2799.4231,2944.72461,163.816467,3436.17407,172.0
174,2024-04-03,21:42:20.483000,214220.483,49528.2891,7442.80811,2907.2666,2944.50806,163.364624,3434.60205,173.0
175,2024-04-03,21:42:21.588000,214221.588,48335.5312,7530.47021,2839.42139,2943.90405,163.089249,3433.17188,174.0
176,2024-04-03,21:42:22.158000,214222.158,46214.918,7531.69482,2923.57642,2943.78784,162.628983,3431.6748,175.0
177,2024-04-03,21:42:23.213000,214223.213,48538.1523,7507.42627,2815.13623,2943.05688,162.452072,3430.41309,176.0
178,2024-04-03,21:42:24.267000,214224.267,45109.1172,7424.30371,2920.50879,2942.92944,161.998886,3428.92603,177.0
179,2024-04-03,21:42:25.318000,214225.318,44760.0898,7428.23584,2824.82202,2942.26587,161.786636,3427.62573,178.0
180,2024-04-03,21:42:26.376000,214226.376,44825.8125,7469.14746,2885.74683,2941.94995,161.387238,3426.11157,179.0
181,2024-04-03,21:42:27.429000,214227.429,44835.8477,7446.26221,2790.94092,2941.11157,161.319702,3425.0708,180.0
182,2024-04-03,21:42:28.483000,214228.483,42900.5234,7512.47559,2898.06128,2938.57983,158.362564,3413.66748,180.0
183,2024-04-03,21:42:29.587000,214229.587,44911.4648,7565.39551,2812.79028,2936.12402,156.847153,3406.66553,180.0
184,2024-04-03,21:42:30.159000,214230.159,43735.8672,7533.14551,2899.29004,2933.62646,153.787781,3394.98975,180.0
185,2024-04-03,21:42:31.160000,214231.16,44059.8945,7469.00635,2812.27881,2931.26221,152.353592,3388.323,180.0
186,2024-04-03,21:42:32.212000,214232.212,44606.1211,7456.89941,2907.06787,2928.76562,148.991089,3375.73877,180.0
187,2024-04-03,21:42:33.265000,214233.265,44914.3711,7457.48633,2816.59399,2926.34399,147.238571,3368.05957,180.0
188,2024-04-03,21:42:34.374000,214234.374,46137.0938,7486.85742,2922.9519,2924.10962,144.171219,3356.62329,180.0
189,2024-04-03,21:42:35.430000,214235.43,43024.707,7457.73193,2821.40771,2921.66455,142.133148,3348.06396,180.0
190,2024-04-03,21:42:36.483000,214236.483,46357.3789,7437.67627,2936.18408,2919.40479,138.584702,3335.15894,180.0
191,2024-04-03,21:42:37.534000,214237.534,47076.8711,7427.34912,2807.61353,2917.02124,136.766815,3327.32178,180.0
192,2024-04-03,21:42:38.590000,214238.59,46857.3438,7458.96533,2896.45435,2914.67529,133.424179,3314.94775,180.0
193,2024-04-03,21:42:39.157000,214239.157,45156.125,7471.64453,2807.07031,2912.36304,131.646393,3307.30225,180.0
194,2024-04-03,21:42:40.215000,214240.215,47110.6758,7527.94385,2936.05591,2910.00684,127.313805,3291.94824,180.0
195,2024-04-03,21:42:41.265000,214241.265,45522.1211,7480.13135,2784.69458,2907.43091,125.098396,3282.72607,180.0
196,2024-04-03,21:42:42.320000,214242.32,44528.2422,7467.67041,2897.07349,2904.94263,120.717407,3267.09473,180.0
197,2024-04-03,21:42:43.374000,214243.374,43581.8945,7481.52002,2791.10815,2902.11572,117.322838,3254.08423,180.0
198,2024-04-03,21:42:44.482000,214244.482,44189.5195,7495.96777,2923.59766,2899.9873,113.361237,3240.07104,180.0
199,2024-04-03,21:42:45.535000,214245.535,44950.7305,7472.28955,2819.12891,2897.57495,110.376099,3228.70312,180.0
200,2024-04-03,21:42:46.267000,214246.267,46669.7031,7469.17285,2917.57983,2895.35547,105.81147,3212.78979,180.0
201,2024-04-03,21:42:47.321000,214247.321,45937.0312,7476.13574,2782.70776,2892.70532,102.565086,3200.40063,180.0
202,2024-04-03,21:42:48.376000,214248.376,44505.9375,7448.73047,2914.51196,2890.24805,96.5014801,3179.75244,180.0
203,2024-04-03,21:42:49.318000,214249.318,45632.0703,7448.29395,2800.43677,2887.75757,92.9188995,3166.51416,180.0
204,2024-04-03,21:42:50.376000,214250.376,47981.9492,7477.45459,2894.31885,2885.24561,86.3284607,3144.23096,180.0
205,2024-04-03,21:42:51.429000,214251.429,45616.7344,7433.59033,2784.78223,2882.57275,81.8075104,3127.99536,180.0
206,2024-04-03,21:42:52.483000,214252.483,44150.2539,7466.53174,2902.18726,2880.02832,73.5694885,3100.73682,180.0
207,2024-04-03,21:42:53.589000,214253.589,42598.957,7504.02197,2811.56372,2877.60596,68.406929,3082.82666,180.0
208,2024-04-03,21:42:54.159000,214254.159,46148.9336,7552.94043,2905.43262,2875.60938,61.9735031,3061.52979,180.0
209,2024-04-03,21:42:55.159000,214255.159,45772.5703,7471.23242,2801.82007,2873.66553,58.6781769,3049.69995,180.0
210,2024-04-03,21:42:56.430000,214256.43,46141.4805,7474.71973,2916.70679,2873.0105,57.5025864,3045.51831,180.0
211,2024-04-03,21:42:57.484000,214257.484,46326.9141,7490.00781,2822.97632,2873.00098,57.5274506,3045.58325,180.0
212,2024-04-03,21:42:58.538000,214258.538,44432.1797,7423.06348,2908.59912,2872.8269,57.3656311,3044.92383,180.0
213,2024-04-03,21:42:59.914000,214259.914,43914.8125,7470.3999,2811.68604,2872.6897,57.471489,3045.10425,180.0
214,2024-04-03,21:43:00.431000,214300.431,46094.4883,7497.35205,2940.16211,2872.74341,57.546093,3045.38159,180.0
215,2024-04-03,21:43:01.156000,214301.156,47750.4219,7535.31006,2824.75317,2872.65234,57.6019859,3045.45825,180.0
216,2024-04-03,21:43:02.418000,214302.418,45621.6367,7483.21484,2914.22363,2872.58154,57.546093,3045.21973,180.0
217,2024-04-03,21:43:03.483000,214303.483,46152.3516,7519.74609,2829.3772,2872.61084,57.5150185,3045.15601,180.0
218,2024-04-03,21:43:04.216000,214304.216,46793.5977,7423.07861,2916.8125,2872.48877,57.3967857,3044.6792,180.0
219,2024-04-03,21:43:05.276000,214305.276,47150.7812,7537.41748,2797.93091,2872.18359,57.6640244,3045.17578,180.0
220,2024-04-03,21:43:06.330000,214306.33,46259.6719,7556.37549,2899.28149,2871.89526,57.3905563,3044.06689,180.0
221,2024-04-03,21:43:07.384000,214307.384,45609.4805,7513.12305,2809.66553,2871.81055,57.471489,3044.2251,180.0
222,2024-04-03,21:43:08.492000,214308.492,45554.1328,7570.57861,2919.23975,2871.64478,57.2783051,3043.47974,180.0
223,2024-04-03,21:43:09.534000,214309.534,45929.9102,7635.02344,2803.9585,2871.53589,57.3967857,3043.72632,180.0
224,2024-04-03,21:43:10.807000,214310.807,45438.3633,8055.77539,2917.27612,2871.48071,57.3469315,3043.52148,180.0
225,2024-04-03,21:43:11.321000,214311.321,45909.0703,7577.04053,2803.72461,2871.08813,57.5647316,3043.78223,180.0
226,2024-04-03,21:43:12.376000,214312.376,45853.875,7541.88965,2922.01099,2871.05127,57.5336685,3043.65234,180.0
227,2024-04-03,21:43:13.642000,214313.642,46180.9219,7524.31396,2825.90967,2870.88599,57.6081924,3043.71045,180.0
228,2024-04-03,21:43:14.213000,214314.213,44373.4531,7503.93359,2946.33276,2870.92993,57.6764221,3043.95923,180.0
229,2024-04-03,21:43:15.267000,214315.267,46851.4492,7521.74365,2806.34131,2870.78101,57.8064575,3044.20044,180.0
230,2024-04-03,21:43:16.537000,214316.537,46175.5859,7469.97266,2901.77979,2870.573,57.614399,3043.41626,180.0
231,2024-04-03,21:43:17.588000,214317.588,43746.6367,7478.05469,2810.1582,2870.46069,57.7198029,3043.62012,180.0
232,2024-04-03,21:43:18.321000,214318.321,43354.0156,7461.51953,2938.70215,2870.49854,57.7569542,3043.76929,180.0
233,2024-04-03,21:43:19.376000,214319.376,42925.5508,7459.37744,2831.03223,2870.48169,57.7631454,3043.771,180.0
234,2024-04-03,21:43:20.430000,214320.43,44210.9219,7397.8501,2901.64819,2870.37183,57.7012138,3043.47559,180.0
235,2024-04-03,21:43:21.480000,214321.48,42858.3164,7459.00879,2839.22046,2870.25415,57.7383804,3043.46924,180.0
236,2024-04-03,21:43:22.593000,214322.593,48567.9922,7487.30518,2885.86987,2870.14819,57.6764221,3043.17749,180.0
237,2024-04-03,21:43:23.160000,214323.16,46694.9648,7443.71045,2833.56274,2870.19653,57.6578217,3043.16992,180.0
238,2024-04-03,21:43:24.159000,214324.159,44555.8984,8031.6792,2934.62793,2870.13574,57.5833626,3042.88574,180.0
239,2024-04-03,21:43:25.211000,214325.211,54663.4766,7452.55957,2828.61304,2870.06592,57.614399,3042.90918,180.0
240,2024-04-03,21:43:26.267000,214326.267,45792.8828,7475.59521,2936.72046,2870.09351,57.6516228,3043.04834,180.0
241,2024-04-03,21:43:27.375000,214327.375,44694.6328,7417.65869,2876.44287,2870.28003,57.6206055,3043.14185,180.0
242,2024-04-03,21:43:28.430000,214328.43,67998.5781,7368.02734,2910.45923,2870.24585,57.5957794,3043.0332,180.0
243,2024-04-03,21:43:29.481000,214329.481,47059.668,7467.99756,2807.12402,2869.97144,57.787899,3043.33521,180.0
244,2024-04-03,21:43:30.538000,214330.538,45212.3906,7414.80078,2899.97339,2869.71826,57.5398827,3042.33789,180.0
245,2024-04-03,21:43:32.022000,214332.022,45527.7461,7504.57031,2817.30762,2869.58887,57.6330147,3042.48779,180.0
246,2024-04-03,21:43:32.537000,214332.537,46943.6797,7446.55371,2929.60913,2869.57471,57.6206055,3042.43652,180.0
247,2024-04-03,21:43:33.292000,214333.292,48425.7383,7473.6582,2826.57666,2869.45679,57.682621,3042.50464,180.0
248,2024-04-03,21:43:34.537000,214334.537,45619.1445,7505.53271,2884.57617,2869.36499,57.6516228,3042.31982,180.0
249,2024-04-03,21:43:35.594000,214335.594,44046.0898,7518.61914,2804.84644,2869.11182,57.8311958,3042.60547,180.0
250,2024-04-03,21:43:36.159000,214336.159,43856.3125,7505.73096,2936.91187,2869.16553,57.8991585,3042.86304,180.0
251,2024-04-03,21:43:37.215000,214337.215,43952.8477,7455.75049,2822.47754,2869.09521,57.9423714,3042.92236,180.0
252,2024-04-03,21:43:38.267000,214338.267,45609.1719,7598.45654,2910.13208,2868.97778,57.8311958,3042.47144,180.0
253,2024-04-03,21:43:39.321000,214339.321,44683.1484,7785.11865,2804.68286,2868.76709,57.9917145,3042.74219,180.0
254,2024-04-03,21:43:40.376000,214340.376,44437.25,7904.97656,2891.53345,2868.62866,57.9115105,3042.36328,180.0
255,2024-04-03,21:43:41.431000,214341.431,44409.6914,9152.86816,2818.36084,2868.36157,58.0410194,3042.48462,180.0
256,2024-04-03,21:43:42.493000,214342.493,43498.4258,10282.499,2938.50195,2868.31714,57.9855499,3042.27368,180.0
257,2024-04-03,21:43:43.605000,214343.605,46334.9336,8470.55371,2849.68677,2868.46729,57.8868065,3042.12769,180.0
258,2024-04-03,21:43:44.171000,214344.171,45638.1055,7934.31836,2919.34497,2868.38037,57.8064575,3041.7998,180.0
259,2024-04-03,21:43:45.159000,214345.159,47270.8828,7595.59521,2826.53564,2868.24072,57.8620987,3041.82715,180.0
260,2024-04-03,21:43:46.215000,214346.215,45504.7969,7553.77881,2919.72437,2868.15771,57.8002739,3041.55859,180.0
261,2024-04-03,21:43:47.321000,214347.321,46286.9023,7471.22852,2805.15259,2867.96045,57.9423714,3041.7876,180.0
262,2024-04-03,21:43:48.376000,214348.376,46964.0,7575.46875,2907.06079,2867.85596,57.8559189,3041.42383,180.0
263,2024-04-03,21:43:49.429000,214349.429,43846.0234,7485.61572,2795.24707,2867.70288,58.0040436,3041.71509,180.0
264,2024-04-03,21:43:50.482000,214350.482,46172.9023,7419.30078,2933.69653,2867.67749,57.9855499,3041.63403,180.0
265,2024-04-03,21:43:51.591000,214351.591,45830.9531,7530.68359,2815.27075,2867.59839,58.0533371,3041.7583,180.0
266,2024-04-03,21:43:52.159000,214352.159,45749.8047,7498.70605,2912.69141,2867.50732,57.9608803,3041.38989,180.0
267,2024-04-03,21:43:53.214000,214353.214,45715.4531,7534.54004,2820.11328,2867.39941,58.028698,3041.4856,180.0
268,2024-04-03,21:43:54.268000,214354.268,44381.0586,7495.8584,2892.49927,2867.11963,57.7817116,3040.46484,180.0
269,2024-04-03,21:43:55.321000,214355.321,43104.3438,7439.27051,2808.00073,2866.92212,57.9176826,3040.67529,180.0
270,2024-04-03,21:43:56.375000,214356.375,58977.7695,7527.97168,2904.89258,2866.87402,57.8806305,3040.51587,180.0
271,2024-04-03,21:43:57.429000,214357.429,45611.1797,7523.66797,2822.86768,2866.83154,57.9176826,3040.58447,180.0
272,2024-04-03,21:43:58.483000,214358.483,44225.1484,7359.48633,2925.07886,2866.81104,57.8868065,3040.47144,180.0
273,2024-04-03,21:43:59.593000,214359.593,46175.8047,7461.66553,2796.78003,2866.65796,58.028698,3040.74414,180.0
274,2024-04-03,21:44:00.159000,214400.159,46329.7148,7438.34082,2930.33911,2866.48706,57.7940865,3039.86938,180.0
275,2024-04-03,21:44:01.159000,214401.159,45878.2695,7476.61621,2805.54199,2866.24121,57.9547119,3040.10547,180.0
276,2024-04-03,21:44:02.226000,214402.226,47525.8711,7407.71338,2908.1001,2866.05493,57.7631454,3039.34424,180.0
277,2024-04-03,21:44:03.267000,214403.267,47395.1875,7504.80029,2822.54004,2865.88428,57.8559189,3039.45215,180.0
278,2024-04-03,21:44:04.763000,214404.763,45193.6758,7543.04785,2916.26562,2865.87598,57.8311958,3039.36963,180.0
279,2024-04-03,21:44:05.269000,214405.269,45771.0938,7440.93018,2814.65088,2867.55908,51.5346603,3022.16309,180.0
280,2024-04-03,21:44:06.538000,214406.538,46226.4336,7438.02295,2930.04126,2867.52954,51.5069008,3022.05029,180.0
281,2024-04-03,21:44:07.160000,214407.16,46752.3867,7475.8833,2823.13745,2867.50659,51.5277214,3022.08984,180.0
282,2024-04-03,21:44:08.376000,214408.376,47466.3008,7439.17627,2906.02661,2867.41016,51.4443893,3021.74341,180.0
283,2024-04-03,21:44:09.160000,214409.16,43708.6836,7525.06982,2843.9729,2867.51929,51.3748398,3021.6438,180.0
284,2024-04-03,21:44:10.159000,214410.159,43654.4023,7425.06689,2904.51685,2867.33618,51.1726189,3020.854,180.0
285,2024-04-03,21:44:11.214000,214411.214,44252.7227,7450.45166,2824.23193,2867.34277,51.1796074,3020.88159,180.0
286,2024-04-03,21:44:12.268000,214412.268,53275.2305,7464.81055,2915.604,2867.18652,50.9836197,3020.13745,180.0
287,2024-04-03,21:44:13.320000,214413.32,50602.168,7444.55029,2812.97144,2867.21191,50.969593,3020.12061,180.0
288,2024-04-03,21:44:14.430000,214414.43,50328.1367,7423.99268,2920.82495,2867.21387,50.969593,3020.12256,180.0
289,2024-04-03,21:44:15.483000,214415.483,50687.3945,7453.46436,2798.17798,2866.99023,51.1796074,3020.52905,180.0
290,2024-04-03,21:44:16.537000,214416.537,46824.0195,7619.74756,2907.96973,2866.80371,50.9625778,3019.69141,180.0
291,2024-04-03,21:44:17.592000,214417.592,46291.8008,7421.8125,2790.80225,2866.55811,51.2284813,3020.24365,180.0
292,2024-04-03,21:44:18.160000,214418.16,44849.9766,7469.72949,2904.91699,2866.54761,51.2215042,3020.21216,180.0
293,2024-04-03,21:44:19.213000,214419.213,43757.7812,7406.63574,2803.11279,2866.43188,51.3400307,3020.4519,180.0
294,2024-04-03,21:44:20.267000,214420.267,47851.2422,7715.49414,2894.29053,2866.19507,51.1027031,3019.50317,180.0
295,2024-04-03,21:44:21.321000,214421.321,45409.6328,7478.80664,2811.82056,2865.99487,51.2494164,3019.74316,180.0
296,2024-04-03,21:44:22.376000,214422.376,44602.4961,7454.07178,2897.90991,2865.77441,51.0326881,3018.87256,180.0
297,2024-04-03,21:44:23.430000,214423.43,43446.9883,7499.81299,2803.96826,2865.58911,51.1865921,3019.14893,180.0
298,2024-04-03,21:44:24.482000,214424.482,45139.375,7670.37158,2922.00684,2865.61743,51.2284813,3019.30298,180.0
299,2024-04-03,21:44:25.589000,214425.589,44872.3828,7518.34326,2793.61133,2865.48682,51.3748398,3019.61133,180.0
300,2024-04-03,21:44:26.159000,214426.159,47470.3828,7595.12842,2907.78857,2865.47949,51.3678818,3019.58301,180.0
301,2024-04-03,21:44:27.158000,214427.158,43810.0898,7411.51123,2807.2041,2865.31689,51.4930153,3019.7959,180.0
302,2024-04-03,21:44:28.213000,214428.213,46122.2422,7365.8374,2893.6687,2865.26489,51.4652367,3019.66064,180.0
303,2024-04-03,21:44:29.322000,214429.322,49662.8125,7427.73486,2795.79858,2865.06104,51.6663094,3020.06006,180.0
304,2024-04-03,21:44:30.376000,214430.376,42729.9336,7411.81445,2901.7063,2864.93237,51.5415993,3019.55713,180.0
305,2024-04-03,21:44:31.429000,214431.429,47694.0508,7492.50195,2824.44995,2864.79028,51.6178474,3019.6438,180.0
306,2024-04-03,21:44:32.483000,214432.483,43685.8398,7367.8252,2886.74902,2864.61743,51.4860725,3019.07568,180.0
307,2024-04-03,21:44:33.535000,214433.535,45337.5156,7443.10596,2839.05957,2864.77051,51.3748398,3018.89502,180.0
308,2024-04-03,21:44:34.590000,214434.59,57448.1602,7409.23486,2913.11084,2864.7981,51.3957138,3018.98535,180.0
309,2024-04-03,21:44:35.158000,214435.158,45294.4727,7445.80762,2809.54199,2864.62231,51.5207825,3019.18457,180.0
310,2024-04-03,21:44:36.244000,214436.244,45196.3203,7557.0,2915.41895,2864.55298,51.4513397,3018.90698,180.0
311,2024-04-03,21:44:37.268000,214437.268,43158.2891,7411.91162,2795.04565,2864.27637,51.693985,3019.3584,180.0
312,2024-04-03,21:44:38.320000,214438.32,42792.0195,7475.54346,2893.05786,2864.22632,51.645546,3019.16309,180.0
313,2024-04-03,21:44:39.428000,214439.428,44908.5391,7439.55078,2789.25098,2864.0918,51.8183327,3019.54688,180.0
314,2024-04-03,21:44:40.483000,214440.483,44902.3242,7404.3667,2888.82739,2863.9502,51.7216454,3019.11523,180.0
315,2024-04-03,21:44:41.589000,214441.589,43875.3359,7502.96973,2835.75708,2864.11084,51.5901337,3018.88135,180.0
316,2024-04-03,21:44:42.159000,214442.159,43261.5039,7451.37354,2933.13696,2864.31421,51.8045311,3019.72778,180.0
317,2024-04-03,21:44:43.177000,214443.177,43490.3477,7474.80127,2821.45874,2864.28833,51.8252335,3019.76416,180.0
318,2024-04-03,21:44:44.267000,214444.267,44848.2617,7644.646,2929.10669,2864.45947,51.9836693,3020.4104,180.0
319,2024-04-03,21:44:45.320000,214445.32,47736.3398,7503.40576,2821.69604,2864.47925,51.9767914,3020.40967,180.0
320,2024-04-03,21:44:46.374000,214446.374,44650.0391,7473.12646,2919.80493,2864.45996,51.9630318,3020.34912,180.0
321,2024-04-03,21:44:47.429000,214447.429,44360.8633,7436.48145,2790.77173,2864.40527,52.0317917,3020.50073,180.0
322,2024-04-03,21:44:48.482000,214448.482,42908.8242,8085.65137,2896.23218,2864.31641,51.9630318,3020.20557,180.0
323,2024-04-03,21:44:49.590000,214449.59,45973.8477,7585.65234,2795.25439,2864.17944,52.1141853,3020.52197,180.0
324,2024-04-03,21:44:50.158000,214450.158,44335.6328,7458.92676,2873.61304,2863.91553,51.9492683,3019.76343,180.0
325,2024-04-03,21:44:51.159000,214451.159,43882.9141,7568.43115,2815.39038,2863.90381,51.9630318,3019.79297,180.0
326,2024-04-03,21:44:52.213000,214452.213,44587.2812,7515.54785,2887.39844,2863.77563,51.8735046,3019.39624,180.0
327,2024-04-03,21:44:53.276000,214453.276,42408.7109,7456.94189,2804.82837,2863.77979,51.8666115,3019.37964,180.0
328,2024-04-03,21:44:54.374000,214454.374,42790.793,7393.34326,2935.88916,2863.82544,51.9286156,3019.61133,180.0
329,2024-04-03,21:44:55.428000,214455.428,43646.0625,7481.00098,2794.27075,2863.67139,52.0867348,3019.93164,180.0
330,2024-04-03,21:44:56.493000,214456.493,43849.3633,7588.15137,2928.24438,2863.72241,52.1484756,3020.16797,180.0
331,2024-04-03,21:44:57.537000,214457.537,43821.4609,7474.44922,2804.27539,2863.50146,52.319603,3020.46021,180.0
332,2024-04-03,21:44:58.602000,214458.602,42894.6836,7414.26416,2901.62964,2863.36621,52.1827469,3019.91455,180.0
333,2024-04-03,21:44:59.170000,214459.17,43568.957,7536.35498,2807.56372,2863.36304,52.1827469,3019.91138,180.0
334,2024-04-03,21:45:00.213000,214500.213,44513.8945,7502.63672,2891.15918,2863.25879,52.1073227,3019.58081,180.0
335,2024-04-03,21:45:01.303000,214501.303,46935.0352,7479.09131,2796.03247,2862.98535,52.3469315,3020.02612,180.0
336,2024-04-03,21:45:02.322000,214502.322,43409.3164,7575.32617,2908.62427,2862.92749,52.2785835,3019.76318,180.0
337,2024-04-03,21:45:03.375000,214503.375,44001.1289,7426.11719,2815.45215,2863.04297,52.1621857,3019.52954,180.0
338,2024-04-03,21:45:04.483000,214504.483,45826.4688,7318.89355,2882.3938,2862.84912,52.0180473,3018.90332,180.0
339,2024-04-03,21:45:05.537000,214505.537,46426.0156,7477.49609,2793.87964,2862.7395,52.1484756,3019.18506,180.0
340,2024-04-03,21:45:06.591000,214506.591,46171.707,7453.32031,2891.35229,2862.60229,52.038662,3018.71826,180.0
341,2024-04-03,21:45:07.158000,214507.158,45421.5938,7478.58984,2787.1001,2862.3667,52.2922592,3019.24341,180.0
342,2024-04-03,21:45:08.158000,214508.158,44599.1992,7466.72656,2916.18604,2862.41016,52.3264351,3019.3894,180.0
343,2024-04-03,21:45:09.268000,214509.268,44121.5586,7522.94238,2812.60156,2862.3501,52.381073,3019.49341,180.0
344,2024-04-03,21:45:10.320000,214510.32,46850.2852,7453.79199,2922.23071,2862.31055,52.3400993,3019.33081,180.0
345,2024-04-03,21:45:11.375000,214511.375,45008.8828,7506.74561,2813.58813,2862.28662,52.3537598,3019.3479,180.0
346,2024-04-03,21:45:14.157000,214514.157,45005.3008,7464.3418,2914.46997,2862.22461,52.2922592,3019.10132,180.0
347,2024-04-03,21:45:14.232000,214514.232,44199.1797,7464.09863,2814.36938,2862.13306,52.3605881,3019.21484,180.0
348,2024-04-03,21:45:14.577000,214514.577,43321.332,7464.18652,2879.68921,2861.88672,52.1621857,3018.37329,180.0
349,2024-04-03,21:45:15.159000,214515.159,37940.6602,7494.06982,2818.86084,2861.65112,52.264904,3018.4458,180.0
350,2024-04-03,21:45:16.159000,214516.159,47282.207,7477.85645,2888.83179,2861.41553,52.0317917,3017.51099,180.0
351,2024-04-03,21:45:17.213000,214517.213,46455.5625,7486.77881,2771.60254,2861.1604,52.3674164,3018.2627,180.0
352,2024-04-03,21:45:18.267000,214518.267,45065.1133,7464.14111,2895.50317,2861.12695,52.3469315,3018.16772,180.0
353,2024-04-03,21:45:19.375000,214519.375,46158.1445,7461.11328,2788.5835,2861.06665,52.4288292,3018.35303,180.0
354,2024-04-03,21:45:20.428000,214520.428,45008.8203,7460.48926,2895.58765,2861.00171,52.3742447,3018.12451,180.0
355,2024-04-03,21:45:21.482000,214521.482,45386.1445,7417.23193,2799.62866,2860.78076,52.544632,3018.41455,180.0
356,2024-04-03,21:45:22.536000,214522.536,49620.043,7330.0127,2923.90747,2860.78271,52.544632,3018.4165,180.0
357,2024-04-03,21:45:23.591000,214523.591,44500.625,7408.68262,2823.79932,2860.83081,52.510601,3018.36255,180.0
358,2024-04-03,21:45:24.158000,214524.158,44988.5312,7517.70215,2907.94897,2860.76123,52.4220085,3018.02734,180.0
359,2024-04-03,21:45:25.213000,214525.213,45150.2539,7499.49756,2786.69385,2860.54932,52.6533928,3018.50952,180.0
360,2024-04-03,21:45:26.267000,214526.267,43249.668,7441.20898,2907.05054,2860.66772,52.7348175,3018.87207,180.0
361,2024-04-03,21:45:27.321000,214527.321,48195.6484,7457.09717,2810.14771,2860.77441,52.6126366,3018.6123,180.0
362,2024-04-03,21:45:28.375000,214528.375,46828.543,7450.87256,2898.63916,2860.77734,52.6262245,3018.65601,180.0
